Flame_ID,Timestamp_s,Position_CM
1,5.767,5.0
1,5.800,5.09
1,5.833,5.31
1,5.867,5.49
1,5.900,5.63
1,5.933,5.76
1,5.967,5.92
1,6.000,6.08
1,6.033,6.24
1,6.067,6.39
1,6.100,6.56
1,6.133,6.67
1,6.167,6.85
1,6.200,6.97
1,6.233,7.11
1,6.267,7.26
1,6.300,7.32
1,6.333,7.38
1,6.367,7.56
1,6.400,7.69
1,6.467,7.75
1,6.500,7.91
1,6.533,8.03
1,6.567,8.13
1,6.600,8.21
1,6.633,8.28
1,6.667,8.34
1,6.700,8.39
1,6.733,8.46
1,6.767,8.5
1,6.800,8.58
1,6.833,8.63
1,6.867,8.71
1,6.900,8.77
1,6.933,8.8
1,6.967,8.86
1,7.000,8.9
1,7.033,8.93
1,7.067,8.97
1,7.100,9.01
1,7.133,9.04
1,7.167,9.09
1,7.200,9.11
1,7.233,9.15
1,7.267,9.18
1,7.300,9.2
1,7.333,9.22
1,7.367,9.26
1,7.400,9.28
1,7.433,9.31
1,7.467,9.33
1,7.500,9.36
1,7.533,9.37
1,7.567,9.41
1,7.600,9.43
1,7.633,9.45
1,7.667,9.47
1,7.700,9.5
1,7.767,9.52
1,7.800,9.54
1,7.833,9.56
1,7.900,9.58
1,7.933,9.59
1,7.967,9.6
1,8.000,9.61
1,8.033,9.63
1,8.067,9.65
1,8.100,9.67
1,8.167,9.67
1,8.200,9.68
1,8.233,9.7
1,8.267,9.71
1,8.333,9.71
1,8.367,9.77
1,8.400,9.78
1,8.467,9.8
1,8.533,9.81
1,8.600,9.82
1,8.667,9.83
1,8.700,9.84
1,8.767,9.84
1,8.800,9.85
1,8.833,9.86
1,8.900,9.87
1,8.933,9.88
1,8.967,9.89
1,9.033,9.89
1,9.100,9.9
1,9.133,9.91
1,9.167,9.92
1,9.233,9.93
1,9.300,9.93
1,9.367,9.93
1,9.433,9.94
1,9.500,9.94
1,9.567,9.95
1,9.633,9.95
1,9.700,9.95
1,9.767,9.95
1,9.833,9.95
1,9.900,9.95
1,9.967,9.95
1,10.033,9.95
1,10.100,9.95
1,10.167,9.95
1,10.233,9.95
1,10.300,9.95
1,10.367,9.95
1,10.433,9.95
1,10.500,9.95
1,10.567,9.95
1,10.633,9.95
1,10.700,9.95
1,10.767,9.95
1,10.833,9.95
1,10.900,9.95
1,10.967,9.95
1,11.033,9.95
1,11.100,9.95
1,11.167,9.95
1,11.233,9.95
1,11.300,9.95
1,11.367,9.95
1,11.433,9.95
1,11.500,9.95
1,11.567,9.95
1,11.633,9.95
1,11.700,9.95
1,11.767,9.95
1,11.833,9.95
1,11.900,9.95
1,11.967,9.95
1,12.033,9.95
1,12.100,9.95
1,12.167,9.95
1,12.233,9.95
1,12.300,9.95
1,12.367,9.95
1,12.433,9.95
1,12.500,9.95
1,12.567,9.95
1,12.633,9.95
1,12.700,9.95
1,12.767,9.95
1,12.833,9.95
2,18.267,4.94
2,18.300,5.2
2,18.333,5.35
2,18.367,5.5
2,18.400,5.63
2,18.433,5.8
2,18.467,5.94
2,18.500,6.1
2,18.533,6.25
2,18.567,6.38
2,18.600,6.54
2,18.633,6.72
2,18.667,6.9
2,18.700,6.98
2,18.733,7.05
2,18.767,7.27
2,18.800,7.33
2,18.833,7.39
2,18.867,7.55
2,18.900,7.62
2,18.933,7.75
2,18.967,7.85
2,19.000,7.95
2,19.033,8.06
2,19.067,8.16
2,19.100,8.22
2,19.133,8.3
2,19.167,8.37
2,19.200,8.46
2,19.233,8.51
2,19.267,8.57
2,19.300,8.63
2,19.333,8.68
2,19.367,8.73
2,19.400,8.79
2,19.433,8.8
2,19.467,8.87
2,19.500,8.91
2,19.533,8.95
2,19.567,8.99
2,19.600,9.02
2,19.633,9.06
2,19.667,9.08
2,19.700,9.1
2,19.733,9.16
2,19.767,9.19
2,19.800,9.21
2,19.833,9.24
2,19.867,9.27
2,19.900,9.29
2,19.933,9.3
2,19.967,9.34
2,20.000,9.36
2,20.033,9.39
2,20.067,9.41
2,20.100,9.43
2,20.133,9.46
2,20.167,9.47
2,20.200,9.5
2,20.233,9.52
2,20.267,9.53
2,20.300,9.54
2,20.333,9.55
2,20.367,9.57
2,20.400,9.59
2,20.433,9.6
2,20.467,9.62
2,20.500,9.63
2,20.533,9.64
2,20.567,9.66
2,20.600,9.67
2,20.633,9.68
2,20.667,9.69
2,20.700,9.7
2,20.733,9.71
2,20.767,9.72
2,20.800,9.73
2,20.833,9.74
2,20.867,9.75
2,20.933,9.75
2,20.967,9.77
2,21.033,9.78
2,21.100,9.8
2,21.167,9.83
2,21.200,9.84
2,21.267,9.84
2,21.300,9.85
2,21.367,9.85
2,21.433,9.86
2,21.467,9.87
2,21.500,9.88
2,21.567,9.88
2,21.600,9.89
2,21.667,9.9
2,21.700,9.91
2,21.767,9.91
2,21.833,9.91
2,21.900,9.91
2,21.967,9.93
2,22.000,9.94
2,22.033,9.95
2,22.100,9.95
2,22.167,9.95
2,22.233,9.95
2,22.300,9.95
2,22.367,9.95
2,22.433,9.95
2,22.500,9.95
2,22.567,9.95
2,22.633,9.95
2,22.700,9.95
2,22.767,9.95
2,22.833,9.95
2,22.900,9.95
2,22.967,9.95
2,23.033,9.95
2,23.100,9.95
2,23.167,9.95
2,23.233,9.95
2,23.300,9.95
2,23.367,9.95
2,23.433,9.95
2,23.500,9.95
2,23.567,9.95
2,23.633,9.95
2,23.700,9.95
2,23.767,9.95
2,23.833,9.95
2,23.900,9.95
2,23.967,9.95
2,24.033,9.95
2,24.100,9.95
2,24.167,9.95
2,24.233,9.95
2,24.300,9.95
2,24.367,9.95
2,24.433,9.95
2,24.500,9.95
2,24.567,9.95
2,24.633,9.95
2,24.700,9.95
2,24.767,9.95
2,24.833,9.95
2,24.900,9.95
2,24.967,9.95
2,25.033,9.95
2,25.100,9.95
2,25.167,9.95
2,25.233,9.95
2,25.300,9.95
3,30.800,5.06
3,30.833,5.22
3,30.867,5.33
3,30.900,5.5
3,30.933,5.62
3,30.967,5.77
3,31.000,5.94
3,31.033,6.08
3,31.067,6.27
3,31.100,6.45
3,31.133,6.55
3,31.167,6.64
3,31.200,6.82
3,31.233,6.98
3,31.267,7.04
3,31.300,7.31
3,31.333,7.33
3,31.367,7.39
3,31.400,7.51
3,31.433,7.58
3,31.467,7.68
3,31.500,7.83
3,31.533,7.92
3,31.567,8.05
3,31.600,8.15
3,31.633,8.18
3,31.667,8.3
3,31.700,8.37
3,31.733,8.43
3,31.767,8.48
3,31.800,8.52
3,31.833,8.61
3,31.867,8.66
3,31.900,8.71
3,31.933,8.76
3,31.967,8.8
3,32.000,8.84
3,32.033,8.89
3,32.067,8.93
3,32.100,8.97
3,32.167,9.03
3,32.200,9.08
3,32.233,9.12
3,32.267,9.16
3,32.300,9.18
3,32.333,9.2
3,32.367,9.22
3,32.400,9.26
3,32.433,9.28
3,32.467,9.3
3,32.500,9.31
3,32.533,9.35
3,32.567,9.37
3,32.600,9.39
3,32.633,9.43
3,32.667,9.45
3,32.700,9.47
3,32.733,9.5
3,32.800,9.52
3,32.867,9.54
3,32.900,9.57
3,32.933,9.58
3,33.000,9.61
3,33.033,9.62
3,33.067,9.63
3,33.133,9.66
3,33.167,9.67
3,33.200,9.68
3,33.267,9.69
3,33.333,9.71
3,33.367,9.72
3,33.400,9.75
3,33.433,9.76
3,33.500,9.76
3,33.533,9.77
3,33.567,9.79
3,33.633,9.81
3,33.700,9.82
3,33.767,9.84
3,33.833,9.85
3,33.900,9.85
3,33.933,9.87
3,33.967,9.88
3,34.033,9.88
3,34.067,9.89
3,34.133,9.89
3,34.200,9.89
3,34.267,9.9
3,34.333,9.9
3,34.367,9.91
3,34.433,9.91
3,34.500,9.93
3,34.567,9.93
3,34.633,9.93
3,34.700,9.93
3,34.767,9.93
3,34.833,9.93
3,34.900,9.93
3,34.967,9.93
3,35.033,9.93
3,35.100,9.93
3,35.167,9.93
3,35.233,9.93
3,35.300,9.93
3,35.367,9.93
3,35.433,9.93
3,35.500,9.93
3,35.567,9.93
3,35.633,9.93
3,35.700,9.93
3,35.767,9.93
3,35.833,9.93
3,35.900,9.93
3,35.967,9.93
3,36.033,9.93
3,36.100,9.93
3,36.167,9.93
3,36.233,9.93
3,36.300,9.93
3,36.367,9.93
3,36.433,9.93
3,36.500,9.93
3,36.567,9.93
3,36.633,9.93
3,36.700,9.93
3,36.767,9.93
3,36.833,9.93
3,36.900,9.93
3,36.967,9.93
3,37.033,9.93
3,37.100,9.93
3,37.167,9.93
3,37.233,9.93
3,37.300,9.93
3,37.367,9.93
3,37.433,9.93
3,37.500,9.93
3,37.567,9.93
3,37.633,9.93
3,37.700,9.93
3,37.767,9.93
3,37.833,9.93
3,37.900,9.93
4,43.300,5.14
4,43.333,5.19
4,43.367,5.34
4,43.400,5.49
4,43.433,5.61
4,43.467,5.79
4,43.500,5.92
4,43.533,6.07
4,43.567,6.24
4,43.600,6.32
4,43.633,6.55
4,43.667,6.69
4,43.700,6.85
4,43.733,6.97
4,43.767,7.08
4,43.800,7.26
4,43.833,7.32
4,43.867,7.37
4,43.900,7.52
4,43.933,7.61
4,43.967,7.73
4,44.000,7.79
4,44.033,7.92
4,44.067,7.98
4,44.100,8.11
4,44.133,8.21
4,44.167,8.27
4,44.200,8.35
4,44.233,8.42
4,44.267,8.49
4,44.300,8.55
4,44.333,8.6
4,44.367,8.66
4,44.400,8.7
4,44.433,8.77
4,44.467,8.79
4,44.500,8.85
4,44.533,8.89
4,44.567,8.95
4,44.600,8.98
4,44.633,9.02
4,44.667,9.04
4,44.700,9.06
4,44.733,9.09
4,44.767,9.15
4,44.800,9.17
4,44.833,9.2
4,44.867,9.23
4,44.900,9.25
4,44.933,9.28
4,44.967,9.31
4,45.000,9.33
4,45.033,9.36
4,45.067,9.38
4,45.100,9.39
4,45.133,9.4
4,45.167,9.43
4,45.200,9.44
4,45.233,9.47
4,45.267,9.5
4,45.333,9.51
4,45.400,9.51
4,45.433,9.54
4,45.500,9.56
4,45.567,9.64
4,45.600,9.65
4,45.667,9.65
4,45.700,9.67
4,45.767,9.69
4,45.833,9.69
4,45.867,9.7
4,45.900,9.74
4,45.967,9.75
4,46.033,9.75
4,46.067,9.78
4,46.133,9.79
4,46.200,9.8
4,46.233,9.81
4,46.300,9.82
4,46.333,9.83
4,46.400,9.84
4,46.467,9.84
4,46.500,9.86
4,46.533,9.87
4,46.567,9.89
4,46.633,9.9
4,46.700,9.9
4,46.767,9.9
4,46.833,9.9
4,46.900,9.9
4,46.933,9.91
4,46.967,9.92
4,47.033,9.93
4,47.100,9.93
4,47.167,9.93
4,47.233,9.93
4,47.300,9.93
4,47.367,9.93
4,47.433,9.93
4,47.500,9.93
4,47.567,9.93
4,47.633,9.93
4,47.700,9.93
4,47.767,9.93
4,47.833,9.93
4,47.900,9.93
4,47.967,9.93
4,48.033,9.93
4,48.100,9.93
4,48.167,9.93
4,48.233,9.93
4,48.300,9.93
4,48.367,9.93
4,48.433,9.93
4,48.500,9.93
4,48.567,9.93
4,48.633,9.93
4,48.700,9.93
4,48.767,9.93
4,48.833,9.93
4,48.900,9.93
4,48.967,9.93
4,49.033,9.93
4,49.100,9.93
4,49.167,9.93
4,49.233,9.93
4,49.300,9.93
4,49.367,9.93
4,49.433,9.93
4,49.500,9.93
4,49.567,9.93
4,49.633,9.93
4,49.700,9.93
4,49.767,9.93
4,49.833,9.93
4,49.900,9.93
4,49.967,9.93
4,50.033,9.93
4,50.100,9.93
4,50.167,9.93
4,50.233,9.93
4,50.300,9.93
5,55.800,5.14
5,55.833,5.23
5,55.867,5.42
5,55.900,5.54
5,55.933,5.69
5,55.967,5.85
5,56.000,6.0
5,56.033,6.14
5,56.067,6.3
5,56.100,6.39
5,56.133,6.61
5,56.167,6.74
5,56.200,6.81
5,56.233,6.97
5,56.267,7.24
5,56.300,7.31
5,56.333,7.35
5,56.367,7.4
5,56.400,7.45
5,56.433,7.66
5,56.467,7.82
5,56.500,7.91
5,56.533,7.96
5,56.567,8.05
5,56.600,8.16
5,56.633,8.25
5,56.667,8.28
5,56.700,8.31
5,56.733,8.41
5,56.767,8.44
5,56.800,8.57
5,56.833,8.62
5,56.867,8.68
5,56.900,8.74
5,56.933,8.78
5,56.967,8.83
5,57.000,8.87
5,57.033,8.91
5,57.067,8.96
5,57.100,9.0
5,57.133,9.04
5,57.167,9.06
5,57.200,9.08
5,57.233,9.13
5,57.267,9.16
5,57.300,9.18
5,57.333,9.21
5,57.367,9.24
5,57.400,9.27
5,57.433,9.29
5,57.467,9.32
5,57.500,9.34
5,57.533,9.36
5,57.567,9.37
5,57.600,9.41
5,57.633,9.43
5,57.667,9.45
5,57.700,9.46
5,57.733,9.49
5,57.767,9.5
5,57.800,9.52
5,57.833,9.54
5,57.867,9.55
5,57.900,9.57
5,57.933,9.58
5,57.967,9.6
5,58.000,9.62
5,58.067,9.63
5,58.100,9.65
5,58.133,9.66
5,58.167,9.67
5,58.200,9.68
5,58.267,9.7
5,58.333,9.7
5,58.367,9.75
5,58.400,9.76
5,58.467,9.78
5,58.533,9.78
5,58.567,9.8
5,58.633,9.81
5,58.667,9.82
5,58.733,9.83
5,58.767,9.84
5,58.833,9.84
5,58.867,9.86
5,58.933,9.87
5,59.000,9.87
5,59.067,9.88
5,59.100,9.89
5,59.167,9.89
5,59.233,9.9
5,59.267,9.91
5,59.333,9.91
5,59.367,9.92
5,59.400,9.93
5,59.467,9.93
5,59.533,9.93
5,59.600,9.93
5,59.667,9.93
5,59.733,9.93
5,59.800,9.93
5,59.867,9.93
5,59.933,9.93
5,60.000,9.93
5,60.067,9.93
5,60.133,9.93
5,60.200,9.93
5,60.267,9.93
5,60.333,9.93
5,60.400,9.93
5,60.467,9.93
5,60.533,9.93
5,60.600,9.93
5,60.667,9.93
5,60.733,9.93
5,60.800,9.93
5,60.867,9.93
5,60.933,9.93
5,61.000,9.93
5,61.067,9.93
5,61.133,9.93
5,61.200,9.93
5,61.267,9.93
5,61.333,9.93
5,61.400,9.93
5,61.467,9.93
5,61.533,9.93
5,61.600,9.93
5,61.667,9.93
5,61.733,9.93
5,61.800,9.93
5,61.867,9.93
5,61.933,9.93
5,62.000,9.93
5,62.067,9.93
5,62.133,9.93
5,62.200,9.93
5,62.267,9.93
5,62.333,9.93
5,62.400,9.93
5,62.467,9.93
5,62.533,9.93
5,62.600,9.93
5,62.667,9.93
5,62.733,9.93
5,62.800,9.93
6,68.300,5.08
6,68.333,5.21
6,68.367,5.3
6,68.400,5.5
6,68.433,5.62
6,68.467,5.77
6,68.500,5.92
6,68.533,6.09
6,68.567,6.23
6,68.600,6.36
6,68.633,6.56
6,68.667,6.69
6,68.700,6.79
6,68.733,6.95
6,68.767,7.11
6,68.800,7.15
6,68.833,7.33
6,68.867,7.38
6,68.900,7.57
6,68.933,7.71
6,68.967,7.76
6,69.000,7.84
6,69.033,7.99
6,69.067,8.04
6,69.100,8.13
6,69.133,8.2
6,69.167,8.31
6,69.200,8.38
6,69.233,8.44
6,69.267,8.48
6,69.300,8.55
6,69.333,8.62
6,69.367,8.67
6,69.400,8.72
6,69.433,8.75
6,69.467,8.79
6,69.500,8.86
6,69.533,8.9
6,69.567,8.95
6,69.600,8.99
6,69.633,9.03
6,69.667,9.04
6,69.700,9.09
6,69.733,9.12
6,69.767,9.14
6,69.800,9.18
6,69.833,9.21
6,69.867,9.23
6,69.900,9.26
6,69.933,9.29
6,69.967,9.31
6,70.000,9.33
6,70.033,9.35
6,70.067,9.36
6,70.100,9.38
6,70.133,9.39
6,70.167,9.42
6,70.233,9.42
6,70.267,9.48
6,70.300,9.49
6,70.333,9.5
6,70.367,9.53
6,70.400,9.54
6,70.433,9.56
6,70.467,9.57
6,70.533,9.57
6,70.600,9.58
6,70.633,9.59
6,70.667,9.63
6,70.733,9.64
6,70.767,9.65
6,70.833,9.65
6,70.867,9.66
6,70.933,9.68
6,70.967,9.69
6,71.033,9.7
6,71.100,9.72
6,71.133,9.73
6,71.200,9.75
6,71.233,9.76
6,71.267,9.82
6,71.333,9.83
6,71.400,9.83
6,71.433,9.84
6,71.467,9.85
6,71.500,9.86
6,71.533,9.87
6,71.600,9.88
6,71.633,9.89
6,71.700,9.9
6,71.767,9.91
6,71.833,9.91
6,71.900,9.92
6,71.967,9.92
6,72.033,9.93
6,72.100,9.94
6,72.167,9.94
6,72.233,9.94
6,72.300,9.94
6,72.367,9.94
6,72.433,9.94
6,72.500,9.94
6,72.567,9.94
6,72.633,9.94
6,72.700,9.94
6,72.767,9.94
6,72.833,9.94
6,72.900,9.94
6,72.967,9.94
6,73.033,9.94
6,73.100,9.94
6,73.167,9.94
6,73.233,9.94
6,73.300,9.94
6,73.367,9.94
6,73.433,9.94
6,73.500,9.94
6,73.567,9.94
6,73.633,9.94
6,73.700,9.94
6,73.767,9.94
6,73.833,9.94
6,73.900,9.94
6,73.967,9.94
6,74.033,9.94
6,74.100,9.94
6,74.167,9.94
6,74.233,9.94
6,74.300,9.94
6,74.367,9.94
6,74.433,9.94
6,74.500,9.94
6,74.567,9.94
6,74.633,9.94
6,74.700,9.94
6,74.767,9.94
6,74.833,9.94
6,74.900,9.94
6,74.967,9.94
6,75.033,9.94
6,75.100,9.94
6,75.167,9.94
6,75.233,9.94
6,75.300,9.94
6,75.367,9.94
6,75.433,9.94
7,80.800,5.04
7,80.833,5.14
7,80.867,5.24
7,80.900,5.45
7,80.933,5.58
7,81.000,5.85
7,81.033,6.02
7,81.067,6.18
7,81.100,6.33
7,81.133,6.44
7,81.167,6.64
7,81.200,6.78
7,81.233,6.92
7,81.267,6.99
7,81.300,7.25
7,81.333,7.29
7,81.367,7.35
7,81.400,7.47
7,81.467,7.62
7,81.500,7.73
7,81.533,7.84
7,81.567,7.99
7,81.600,8.08
7,81.633,8.18
7,81.667,8.27
7,81.700,8.31
7,81.733,8.38
7,81.767,8.43
7,81.800,8.49
7,81.833,8.58
7,81.867,8.63
7,81.900,8.69
7,81.933,8.74
7,81.967,8.78
7,82.000,8.8
7,82.033,8.87
7,82.067,8.91
7,82.100,8.95
7,82.133,8.99
7,82.167,9.04
7,82.200,9.06
7,82.233,9.1
7,82.267,9.13
7,82.300,9.16
7,82.333,9.2
7,82.367,9.21
7,82.400,9.24
7,82.433,9.26
7,82.467,9.29
7,82.500,9.31
7,82.533,9.33
7,82.567,9.35
7,82.600,9.38
7,82.633,9.39
7,82.667,9.4
7,82.700,9.45
7,82.767,9.45
7,82.800,9.51
7,82.867,9.52
7,82.900,9.54
7,82.933,9.55
7,82.967,9.57
7,83.000,9.58
7,83.033,9.59
7,83.067,9.6
7,83.100,9.61
7,83.133,9.64
7,83.167,9.65
7,83.200,9.66
7,83.267,9.68
7,83.333,9.69
7,83.367,9.74
7,83.400,9.75
7,83.433,9.76
7,83.500,9.78
7,83.567,9.79
7,83.600,9.8
7,83.667,9.81
7,83.733,9.82
7,83.800,9.84
7,83.867,9.84
7,83.933,9.84
7,83.967,9.85
7,84.033,9.86
7,84.100,9.86
7,84.133,9.88
7,84.200,9.89
7,84.233,9.9
7,84.300,9.91
7,84.367,9.91
7,84.433,9.92
7,84.500,9.93
7,84.533,9.95
7,84.600,9.95
7,84.667,9.95
7,84.733,9.95
7,84.800,9.95
7,84.867,9.95
7,84.933,9.95
7,85.000,9.95
7,85.067,9.95
7,85.133,9.95
7,85.200,9.95
7,85.267,9.95
7,85.333,9.95
7,85.400,9.95
7,85.467,9.95
7,85.533,9.95
7,85.600,9.95
7,85.667,9.95
7,85.733,9.95
7,85.800,9.95
7,85.867,9.95
7,85.933,9.95
7,86.000,9.95
7,86.067,9.95
7,86.133,9.95
7,86.200,9.95
7,86.267,9.95
7,86.333,9.95
7,86.400,9.95
7,86.467,9.95
7,86.533,9.95
7,86.600,9.95
7,86.667,9.95
7,86.733,9.95
7,86.800,9.95
7,86.867,9.95
7,86.933,9.95
7,87.000,9.95
7,87.067,9.95
7,87.133,9.95
7,87.200,9.95
7,87.267,9.95
7,87.333,9.95
7,87.400,9.95
7,87.467,9.95
7,87.533,9.95
7,87.600,9.95
7,87.667,9.95
7,87.733,9.95
7,87.800,9.95
7,87.867,9.95
8,93.267,4.96
8,93.300,5.07
8,93.333,5.1
8,93.367,5.36
8,93.400,5.5
8,93.433,5.62
8,93.467,5.78
8,93.500,5.93
8,93.533,6.09
8,93.567,6.23
8,93.600,6.33
8,93.633,6.44
8,93.667,6.69
8,93.700,6.79
8,93.733,6.92
8,93.767,6.98
8,93.800,7.26
8,93.833,7.32
8,93.867,7.37
8,93.900,7.52
8,93.933,7.59
8,93.967,7.72
8,94.000,7.81
8,94.033,7.91
8,94.067,8.06
8,94.100,8.11
8,94.133,8.18
8,94.167,8.29
8,94.200,8.36
8,94.233,8.42
8,94.267,8.46
8,94.300,8.54
8,94.333,8.58
8,94.367,8.65
8,94.400,8.69
8,94.433,8.77
8,94.467,8.8
8,94.500,8.84
8,94.533,8.88
8,94.567,8.93
8,94.600,8.96
8,94.633,9.0
8,94.667,9.03
8,94.700,9.06
8,94.733,9.09
8,94.767,9.13
8,94.800,9.17
8,94.833,9.2
8,94.867,9.22
8,94.900,9.25
8,94.933,9.27
8,94.967,9.31
8,95.000,9.33
8,95.033,9.35
8,95.067,9.36
8,95.100,9.38
8,95.133,9.42
8,95.167,9.44
8,95.200,9.46
8,95.267,9.48
8,95.300,9.5
8,95.333,9.51
8,95.367,9.53
8,95.433,9.56
8,95.467,9.57
8,95.500,9.59
8,95.567,9.62
8,95.600,9.63
8,95.633,9.64
8,95.667,9.66
8,95.700,9.67
8,95.733,9.68
8,95.767,9.69
8,95.800,9.7
8,95.867,9.72
8,95.933,9.73
8,96.000,9.73
8,96.033,9.76
8,96.100,9.76
8,96.133,9.77
8,96.167,9.8
8,96.200,9.82
8,96.267,9.83
8,96.300,9.84
8,96.367,9.84
8,96.433,9.85
8,96.467,9.87
8,96.533,9.87
8,96.600,9.88
8,96.667,9.88
8,96.733,9.89
8,96.800,9.89
8,96.867,9.9
8,96.900,9.91
8,96.967,9.91
8,97.033,9.93
8,97.100,9.93
8,97.167,9.93
8,97.233,9.93
8,97.300,9.93
8,97.367,9.93
8,97.433,9.93
8,97.500,9.93
8,97.567,9.93
8,97.633,9.93
8,97.700,9.93
8,97.767,9.93
8,97.833,9.93
8,97.900,9.93
8,97.967,9.93
8,98.033,9.93
8,98.100,9.93
8,98.167,9.93
8,98.233,9.93
8,98.300,9.93
8,98.367,9.93
8,98.433,9.93
8,98.500,9.93
8,98.567,9.93
8,98.633,9.93
8,98.700,9.93
8,98.767,9.93
8,98.833,9.93
8,98.900,9.93
8,98.967,9.93
8,99.033,9.93
8,99.100,9.93
8,99.167,9.93
8,99.233,9.93
8,99.300,9.93
8,99.367,9.93
8,99.433,9.93
8,99.500,9.93
8,99.567,9.93
8,99.633,9.93
8,99.700,9.93
8,99.767,9.93
8,99.833,9.93
8,99.900,9.93
8,99.967,9.93
8,100.033,9.93
8,100.100,9.93
8,100.167,9.93
8,100.233,9.93
8,100.300,9.93
8,100.367,9.93
9,105.800,5.1
9,105.833,5.2
9,105.867,5.33
9,105.900,5.48
9,105.933,5.63
9,105.967,5.78
9,106.000,5.92
9,106.033,6.07
9,106.067,6.23
9,106.133,6.39
9,106.167,6.71
9,106.200,6.87
9,106.233,7.0
9,106.267,7.09
9,106.300,7.21
9,106.333,7.33
9,106.367,7.42
9,106.400,7.57
9,106.433,7.61
9,106.467,7.64
9,106.500,7.82
9,106.533,7.93
9,106.567,8.06
9,106.600,8.13
9,106.633,8.21
9,106.667,8.27
9,106.700,8.34
9,106.733,8.43
9,106.767,8.48
9,106.800,8.54
9,106.833,8.58
9,106.867,8.64
9,106.900,8.69
9,106.933,8.74
9,106.967,8.8
9,107.000,8.83
9,107.033,8.89
9,107.067,8.92
9,107.100,8.96
9,107.133,9.0
9,107.167,9.03
9,107.200,9.06
9,107.233,9.1
9,107.267,9.13
9,107.300,9.17
9,107.333,9.19
9,107.367,9.22
9,107.400,9.25
9,107.433,9.27
9,107.467,9.3
9,107.500,9.33
9,107.533,9.35
9,107.567,9.36
9,107.600,9.38
9,107.633,9.42
9,107.667,9.43
9,107.700,9.46
9,107.733,9.47
9,107.767,9.48
9,107.800,9.5
9,107.833,9.52
9,107.867,9.53
9,107.900,9.55
9,107.933,9.56
9,107.967,9.58
9,108.000,9.59
9,108.033,9.61
9,108.067,9.62
9,108.100,9.64
9,108.133,9.65
9,108.167,9.66
9,108.200,9.67
9,108.267,9.7
9,108.300,9.72
9,108.367,9.73
9,108.400,9.74
9,108.433,9.75
9,108.467,9.76
9,108.500,9.77
9,108.533,9.78
9,108.600,9.78
9,108.633,9.79
9,108.667,9.81
9,108.733,9.82
9,108.767,9.83
9,108.833,9.84
9,108.867,9.85
9,108.933,9.86
9,108.967,9.87
9,109.033,9.87
9,109.100,9.87
9,109.167,9.89
9,109.233,9.89
9,109.300,9.9
9,109.333,9.91
9,109.400,9.92
9,109.467,9.92
9,109.500,9.94
9,109.567,9.94
9,109.633,9.94
9,109.700,9.94
9,109.767,9.94
9,109.833,9.94
9,109.900,9.94
9,109.967,9.94
9,110.033,9.94
9,110.100,9.94
9,110.167,9.94
9,110.233,9.94
9,110.300,9.94
9,110.367,9.94
9,110.433,9.94
9,110.500,9.94
9,110.567,9.94
9,110.633,9.94
9,110.700,9.94
9,110.767,9.94
9,110.833,9.94
9,110.900,9.94
9,110.967,9.94
9,111.033,9.94
9,111.100,9.94
9,111.167,9.94
9,111.233,9.94
9,111.300,9.94
9,111.367,9.94
9,111.433,9.94
9,111.500,9.94
9,111.567,9.94
9,111.633,9.94
9,111.700,9.94
9,111.767,9.94
9,111.833,9.94
9,111.900,9.94
9,111.967,9.94
9,112.033,9.94
9,112.100,9.94
9,112.167,9.94
9,112.233,9.94
9,112.300,9.94
9,112.367,9.94
9,112.433,9.94
9,112.500,9.94
9,112.567,9.94
9,112.633,9.94
9,112.700,9.94
10,118.333,5.16
10,118.367,5.26
10,118.400,5.43
10,118.433,5.54
10,118.467,5.7
10,118.500,5.85
10,118.533,6.01
10,118.567,6.18
10,118.600,6.33
10,118.633,6.5
10,118.667,6.63
10,118.700,6.79
10,118.733,6.92
10,118.767,7.07
10,118.800,7.24
10,118.833,7.3
10,118.867,7.35
10,118.900,7.41
10,118.933,7.47
10,118.967,7.61
10,119.000,7.82
10,119.033,7.86
10,119.067,7.96
10,119.100,8.01
10,119.133,8.15
10,119.167,8.21
10,119.200,8.27
10,119.233,8.38
10,119.267,8.43
10,119.300,8.49
10,119.333,8.55
10,119.367,8.6
10,119.400,8.65
10,119.433,8.7
10,119.467,8.75
10,119.500,8.81
10,119.533,8.85
10,119.567,8.9
10,119.600,8.94
10,119.633,8.98
10,119.667,9.01
10,119.700,9.05
10,119.733,9.07
10,119.767,9.12
10,119.800,9.15
10,119.833,9.18
10,119.867,9.21
10,119.900,9.23
10,119.933,9.26
10,119.967,9.28
10,120.000,9.3
10,120.033,9.33
10,120.067,9.35
10,120.100,9.36
10,120.133,9.39
10,120.167,9.41
10,120.200,9.43
10,120.233,9.45
10,120.267,9.47
10,120.300,9.49
10,120.333,9.51
10,120.367,9.53
10,120.400,9.54
10,120.433,9.56
10,120.500,9.58
10,120.533,9.59
10,120.567,9.6
10,120.600,9.61
10,120.633,9.64
10,120.700,9.65
10,120.767,9.67
10,120.800,9.68
10,120.833,9.69
10,120.900,9.7
10,120.933,9.71
10,121.000,9.71
10,121.033,9.73
10,121.100,9.73
10,121.133,9.74
10,121.200,9.74
10,121.233,9.8
10,121.267,9.81
10,121.300,9.83
10,121.367,9.84
10,121.433,9.84
10,121.500,9.86
10,121.567,9.86
10,121.633,9.87
10,121.700,9.87
10,121.767,9.88
10,121.800,9.89
10,121.867,9.9
10,121.933,9.9
10,122.000,9.9
10,122.067,9.9
10,122.133,9.9
10,122.200,9.9
10,122.267,9.9
10,122.333,9.9
10,122.400,9.9
10,122.433,9.92
10,122.500,9.92
10,122.567,9.92
10,122.633,9.92
10,122.700,9.92
10,122.767,9.92
10,122.833,9.92
10,122.900,9.92
10,122.967,9.92
10,123.033,9.92
10,123.100,9.92
10,123.167,9.92
10,123.233,9.92
10,123.300,9.92
10,123.367,9.92
10,123.433,9.92
10,123.500,9.92
10,123.567,9.92
10,123.633,9.92
10,123.700,9.92
10,123.767,9.92
10,123.833,9.92
10,123.900,9.92
10,123.967,9.92
10,124.033,9.92
10,124.100,9.92
10,124.167,9.92
10,124.233,9.92
10,124.300,9.92
10,124.367,9.92
10,124.433,9.92
10,124.500,9.92
10,124.567,9.92
10,124.633,9.92
10,124.700,9.92
10,124.767,9.92
10,124.833,9.92
10,124.900,9.92
10,124.967,9.92
10,125.033,9.92
10,125.100,9.92
10,125.167,9.92
10,125.233,9.92
10,125.300,9.92
10,125.367,9.92
10,125.433,9.92
10,125.500,9.92
10,125.567,9.92
10,125.633,9.92
10,125.700,9.92
11,130.833,5.24
11,130.867,5.3
11,130.900,5.49
11,130.933,5.62
11,130.967,5.77
11,131.000,5.91
11,131.033,6.02
11,131.067,6.16
11,131.100,6.32
11,131.133,6.47
11,131.167,6.55
11,131.200,6.73
11,131.233,6.85
11,131.267,7.01
11,131.300,7.13
11,131.333,7.27
11,131.367,7.35
11,131.400,7.41
11,131.433,7.59
11,131.467,7.72
11,131.500,7.83
11,131.533,7.91
11,131.567,8.01
11,131.600,8.09
11,131.633,8.19
11,131.667,8.27
11,131.700,8.31
11,131.733,8.39
11,131.767,8.46
11,131.800,8.52
11,131.833,8.56
11,131.867,8.63
11,131.900,8.7
11,131.933,8.74
11,131.967,8.79
11,132.000,8.83
11,132.033,8.87
11,132.067,8.91
11,132.100,8.96
11,132.133,8.99
11,132.167,9.03
11,132.200,9.07
11,132.233,9.09
11,132.267,9.13
11,132.300,9.16
11,132.333,9.2
11,132.367,9.21
11,132.400,9.23
11,132.433,9.27
11,132.467,9.29
11,132.500,9.31
11,132.533,9.33
11,132.567,9.35
11,132.600,9.37
11,132.633,9.4
11,132.667,9.43
11,132.700,9.44
11,132.733,9.45
11,132.767,9.48
11,132.800,9.5
11,132.833,9.51
11,132.867,9.52
11,132.900,9.53
11,132.933,9.55
11,132.967,9.57
11,133.000,9.58
11,133.033,9.59
11,133.067,9.6
11,133.100,9.61
11,133.133,9.62
11,133.167,9.65
11,133.200,9.66
11,133.233,9.68
11,133.267,9.69
11,133.300,9.7
11,133.367,9.72
11,133.400,9.73
11,133.433,9.74
11,133.500,9.76
11,133.533,9.77
11,133.567,9.79
11,133.633,9.79
11,133.667,9.8
11,133.700,9.81
11,133.767,9.81
11,133.800,9.82
11,133.833,9.83
11,133.900,9.84
11,133.967,9.85
11,134.033,9.85
11,134.067,9.86
11,134.133,9.86
11,134.167,9.88
11,134.233,9.88
11,134.300,9.88
11,134.367,9.89
11,134.433,9.89
11,134.500,9.9
11,134.567,9.9
11,134.633,9.9
11,134.700,9.9
11,134.767,9.9
11,134.833,9.9
11,134.900,9.9
11,134.967,9.9
11,135.033,9.9
11,135.100,9.9
11,135.167,9.9
11,135.233,9.9
11,135.300,9.9
11,135.367,9.9
11,135.433,9.9
11,135.500,9.9
11,135.567,9.9
11,135.633,9.9
11,135.700,9.9
11,135.767,9.9
11,135.833,9.9
11,135.900,9.9
11,135.967,9.9
11,136.033,9.9
11,136.100,9.9
11,136.167,9.9
11,136.233,9.9
11,136.300,9.9
11,136.367,9.9
11,136.433,9.9
11,136.500,9.9
11,136.567,9.9
11,136.633,9.9
11,136.700,9.9
11,136.767,9.9
11,136.833,9.9
11,136.900,9.9
11,136.967,9.9
11,137.033,9.9
11,137.100,9.9
11,137.167,9.9
11,137.233,9.9
11,137.300,9.9
11,137.367,9.9
11,137.433,9.9
11,137.500,9.9
11,137.567,9.9
11,137.633,9.9
11,137.700,9.9
12,143.300,4.92
12,143.333,5.14
12,143.367,5.24
12,143.400,5.29
12,143.433,5.53
12,143.467,5.66
12,143.500,5.79
12,143.533,5.95
12,143.567,6.1
12,143.600,6.24
12,143.633,6.39
12,143.667,6.56
12,143.700,6.7
12,143.733,6.92
12,143.767,6.96
12,143.800,7.15
12,143.833,7.29
12,143.867,7.35
12,143.900,7.5
12,143.933,7.55
12,143.967,7.6
12,144.000,7.77
12,144.033,7.83
12,144.067,7.96
12,144.100,8.04
12,144.133,8.15
12,144.167,8.18
12,144.200,8.26
12,144.233,8.31
12,144.267,8.47
12,144.300,8.49
12,144.333,8.55
12,144.367,8.57
12,144.400,8.66
12,144.433,8.72
12,144.467,8.74
12,144.500,8.8
12,144.533,8.86
12,144.567,8.9
12,144.600,8.94
12,144.633,8.98
12,144.667,9.0
12,144.700,9.03
12,144.733,9.06
12,144.767,9.11
12,144.800,9.13
12,144.833,9.17
12,144.867,9.19
12,144.900,9.22
12,144.933,9.24
12,144.967,9.28
12,145.000,9.3
12,145.033,9.33
12,145.067,9.34
12,145.100,9.36
12,145.133,9.39
12,145.167,9.41
12,145.200,9.43
12,145.233,9.45
12,145.267,9.46
12,145.300,9.47
12,145.333,9.5
12,145.367,9.51
12,145.400,9.52
12,145.433,9.54
12,145.467,9.55
12,145.500,9.57
12,145.533,9.59
12,145.600,9.61
12,145.633,9.63
12,145.667,9.64
12,145.700,9.65
12,145.733,9.66
12,145.767,9.67
12,145.800,9.68
12,145.833,9.69
12,145.900,9.7
12,145.967,9.72
12,146.000,9.73
12,146.033,9.75
12,146.067,9.76
12,146.133,9.76
12,146.200,9.77
12,146.233,9.79
12,146.267,9.82
12,146.300,9.84
12,146.367,9.84
12,146.433,9.84
12,146.467,9.86
12,146.533,9.86
12,146.600,9.86
12,146.667,9.86
12,146.700,9.88
12,146.767,9.89
12,146.800,9.9
12,146.867,9.9
12,146.933,9.91
12,147.000,9.91
12,147.033,9.92
12,147.100,9.92
12,147.167,9.92
12,147.233,9.92
12,147.300,9.92
12,147.367,9.92
12,147.433,9.92
12,147.500,9.92
12,147.567,9.92
12,147.633,9.92
12,147.700,9.92
12,147.767,9.92
12,147.833,9.92
12,147.900,9.92
12,147.967,9.92
12,148.033,9.92
12,148.100,9.92
12,148.167,9.92
12,148.233,9.92
12,148.300,9.92
12,148.367,9.92
12,148.433,9.92
12,148.500,9.92
12,148.567,9.92
12,148.633,9.92
12,148.700,9.92
12,148.767,9.92
12,148.833,9.92
12,148.900,9.92
12,148.967,9.92
12,149.033,9.92
12,149.100,9.92
12,149.167,9.92
12,149.233,9.92
12,149.300,9.92
12,149.367,9.92
12,149.433,9.92
12,149.500,9.92
12,149.567,9.92
12,149.633,9.92
12,149.700,9.92
12,149.767,9.92
12,149.833,9.92
12,149.900,9.92
12,149.967,9.92
12,150.033,9.92
12,150.100,9.92
12,150.167,9.92
12,150.233,9.92
12,150.300,9.92
13,155.800,5.04
13,155.833,5.13
13,155.867,5.25
13,155.900,5.44
13,155.933,5.56
13,156.000,5.87
13,156.033,6.03
13,156.067,6.2
13,156.100,6.3
13,156.133,6.52
13,156.167,6.64
13,156.200,6.75
13,156.233,6.96
13,156.267,7.06
13,156.300,7.27
13,156.333,7.29
13,156.367,7.35
13,156.400,7.44
13,156.433,7.5
13,156.467,7.61
13,156.500,7.77
13,156.533,7.92
13,156.567,7.96
13,156.600,8.04
13,156.633,8.19
13,156.667,8.22
13,156.700,8.25
13,156.733,8.34
13,156.767,8.46
13,156.800,8.5
13,156.833,8.56
13,156.867,8.62
13,156.900,8.68
13,156.933,8.72
13,156.967,8.77
13,157.000,8.83
13,157.033,8.85
13,157.067,8.89
13,157.100,8.93
13,157.133,8.97
13,157.167,9.0
13,157.200,9.05
13,157.233,9.08
13,157.267,9.11
13,157.300,9.16
13,157.333,9.17
13,157.367,9.2
13,157.400,9.22
13,157.433,9.25
13,157.467,9.27
13,157.500,9.3
13,157.533,9.33
13,157.567,9.34
13,157.600,9.36
13,157.633,9.38
13,157.667,9.4
13,157.700,9.42
13,157.733,9.45
13,157.767,9.46
13,157.800,9.47
13,157.833,9.5
13,157.867,9.51
13,157.900,9.52
13,157.933,9.54
13,157.967,9.56
13,158.000,9.58
13,158.067,9.6
13,158.100,9.62
13,158.133,9.63
13,158.200,9.65
13,158.233,9.67
13,158.300,9.68
13,158.367,9.72
13,158.400,9.73
13,158.433,9.74
13,158.467,9.75
13,158.533,9.75
13,158.567,9.77
13,158.600,9.78
13,158.633,9.79
13,158.667,9.8
13,158.733,9.8
13,158.767,9.81
13,158.800,9.82
13,158.833,9.83
13,158.900,9.84
13,158.967,9.85
13,159.000,9.86
13,159.033,9.87
13,159.100,9.88
13,159.167,9.88
13,159.200,9.89
13,159.267,9.89
13,159.333,9.9
13,159.400,9.9
13,159.467,9.92
13,159.533,9.93
13,159.600,9.93
13,159.667,9.93
13,159.733,9.93
13,159.800,9.93
13,159.867,9.93
13,159.933,9.93
13,160.000,9.93
13,160.067,9.93
13,160.133,9.93
13,160.200,9.93
13,160.267,9.93
13,160.333,9.93
13,160.400,9.93
13,160.467,9.93
13,160.533,9.93
13,160.600,9.93
13,160.667,9.93
13,160.733,9.93
13,160.800,9.93
13,160.867,9.93
13,160.933,9.93
13,161.000,9.93
13,161.067,9.93
13,161.133,9.93
13,161.200,9.93
13,161.267,9.93
13,161.333,9.93
13,161.400,9.93
13,161.467,9.93
13,161.533,9.93
13,161.600,9.93
13,161.667,9.93
13,161.733,9.93
13,161.800,9.93
13,161.867,9.93
13,161.933,9.93
13,162.000,9.93
13,162.067,9.93
13,162.133,9.93
13,162.200,9.93
13,162.267,9.93
13,162.333,9.93
13,162.400,9.93
13,162.467,9.93
13,162.533,9.93
13,162.600,9.93
13,162.667,9.93
13,162.733,9.93
14,168.333,5.22
14,168.367,5.29
14,168.400,5.5
14,168.433,5.62
14,168.467,5.73
14,168.500,5.92
14,168.533,6.06
14,168.567,6.22
14,168.600,6.36
14,168.633,6.47
14,168.667,6.63
14,168.700,6.82
14,168.733,6.9
14,168.767,7.09
14,168.800,7.26
14,168.833,7.31
14,168.867,7.36
14,168.933,7.45
14,168.967,7.64
14,169.000,7.69
14,169.033,7.85
14,169.067,7.98
14,169.100,8.06
14,169.133,8.13
14,169.167,8.22
14,169.200,8.3
14,169.233,8.36
14,169.267,8.44
14,169.300,8.49
14,169.333,8.52
14,169.367,8.59
14,169.400,8.65
14,169.433,8.7
14,169.467,8.76
14,169.500,8.81
14,169.533,8.85
14,169.567,8.88
14,169.600,8.92
14,169.633,8.98
14,169.667,9.01
14,169.700,9.04
14,169.733,9.06
14,169.767,9.11
14,169.800,9.16
14,169.833,9.17
14,169.867,9.19
14,169.900,9.22
14,169.933,9.25
14,169.967,9.27
14,170.000,9.3
14,170.033,9.31
14,170.067,9.34
14,170.100,9.36
14,170.133,9.38
14,170.167,9.41
14,170.200,9.43
14,170.233,9.44
14,170.267,9.46
14,170.300,9.48
14,170.333,9.5
14,170.367,9.51
14,170.400,9.53
14,170.433,9.54
14,170.467,9.56
14,170.500,9.57
14,170.533,9.59
14,170.567,9.61
14,170.633,9.63
14,170.667,9.64
14,170.700,9.66
14,170.733,9.67
14,170.800,9.69
14,170.833,9.7
14,170.867,9.72
14,170.900,9.73
14,170.967,9.75
14,171.033,9.76
14,171.100,9.78
14,171.167,9.79
14,171.200,9.8
14,171.267,9.8
14,171.300,9.82
14,171.367,9.82
14,171.400,9.84
14,171.467,9.84
14,171.533,9.85
14,171.567,9.86
14,171.600,9.87
14,171.633,9.88
14,171.700,9.88
14,171.767,9.88
14,171.833,9.88
14,171.900,9.88
14,171.967,9.89
14,172.000,9.9
14,172.033,9.92
14,172.100,9.92
14,172.167,9.92
14,172.233,9.92
14,172.300,9.92
14,172.367,9.92
14,172.433,9.92
14,172.500,9.92
14,172.567,9.92
14,172.633,9.92
14,172.700,9.92
14,172.767,9.92
14,172.833,9.92
14,172.900,9.92
14,172.967,9.92
14,173.033,9.92
14,173.100,9.92
14,173.167,9.92
14,173.233,9.92
14,173.300,9.92
14,173.367,9.92
14,173.433,9.92
14,173.500,9.92
14,173.567,9.92
14,173.633,9.92
14,173.700,9.92
14,173.767,9.92
14,173.833,9.92
14,173.900,9.92
14,173.967,9.92
14,174.033,9.92
14,174.100,9.92
14,174.167,9.92
14,174.233,9.92
14,174.300,9.92
14,174.367,9.92
14,174.433,9.92
14,174.500,9.92
14,174.567,9.92
14,174.633,9.92
14,174.700,9.92
14,174.767,9.92
14,174.833,9.92
14,174.900,9.92
14,174.967,9.92
14,175.033,9.92
14,175.100,9.92
14,175.167,9.92
14,175.233,9.92
14,175.300,9.92
14,175.367,9.92
14,175.433,9.92
15,180.833,5.18
15,180.867,5.27
15,180.900,5.43
15,180.933,5.59
15,180.967,5.68
15,181.000,5.86
15,181.033,6.01
15,181.067,6.18
15,181.100,6.33
15,181.133,6.46
15,181.167,6.64
15,181.200,6.79
15,181.233,6.91
15,181.267,7.06
15,181.300,7.25
15,181.333,7.35
15,181.400,7.41
15,181.433,7.46
15,181.467,7.68
15,181.500,7.82
15,181.533,7.87
15,181.567,7.97
15,181.600,8.08
15,181.633,8.16
15,181.667,8.24
15,181.700,8.3
15,181.733,8.37
15,181.800,8.4
15,181.833,8.55
15,181.867,8.61
15,181.900,8.67
15,181.933,8.73
15,181.967,8.75
15,182.000,8.79
15,182.067,8.88
15,182.100,8.92
15,182.133,8.97
15,182.167,9.0
15,182.200,9.02
15,182.233,9.05
15,182.267,9.08
15,182.300,9.14
15,182.333,9.15
15,182.367,9.17
15,182.400,9.2
15,182.433,9.22
15,182.467,9.25
15,182.500,9.27
15,182.533,9.28
15,182.567,9.31
15,182.600,9.34
15,182.633,9.38
15,182.667,9.4
15,182.700,9.42
15,182.733,9.44
15,182.767,9.45
15,182.800,9.49
15,182.833,9.5
15,182.900,9.52
15,182.933,9.53
15,182.967,9.55
15,183.000,9.57
15,183.033,9.58
15,183.067,9.59
15,183.100,9.61
15,183.133,9.62
15,183.167,9.64
15,183.200,9.65
15,183.267,9.66
15,183.300,9.68
15,183.333,9.69
15,183.367,9.72
15,183.433,9.74
15,183.500,9.75
15,183.533,9.76
15,183.567,9.77
15,183.600,9.78
15,183.667,9.79
15,183.700,9.81
15,183.767,9.82
15,183.833,9.83
15,183.900,9.83
15,183.933,9.84
15,183.967,9.85
15,184.033,9.86
15,184.067,9.87
15,184.133,9.87
15,184.167,9.88
15,184.233,9.88
15,184.300,9.88
15,184.333,9.89
15,184.400,9.89
15,184.467,9.89
15,184.533,9.9
15,184.600,9.9
15,184.667,9.9
15,184.733,9.93
15,184.800,9.93
15,184.867,9.93
15,184.933,9.93
15,185.000,9.93
15,185.067,9.93
15,185.133,9.93
15,185.200,9.93
15,185.267,9.93
15,185.333,9.93
15,185.400,9.93
15,185.467,9.93
15,185.533,9.93
15,185.600,9.93
15,185.667,9.93
15,185.733,9.93
15,185.800,9.93
15,185.867,9.93
15,185.933,9.93
15,186.000,9.93
15,186.067,9.93
15,186.133,9.93
15,186.200,9.93
15,186.267,9.93
15,186.333,9.93
15,186.400,9.93
15,186.467,9.93
15,186.533,9.93
15,186.600,9.93
15,186.667,9.93
15,186.733,9.93
15,186.800,9.93
15,186.867,9.93
15,186.933,9.93
15,187.000,9.93
15,187.067,9.93
15,187.133,9.93
15,187.200,9.93
15,187.267,9.93
15,187.333,9.93
15,187.400,9.93
15,187.467,9.93
15,187.533,9.93
15,187.600,9.93
15,187.667,9.93
15,187.733,9.93
15,187.800,9.93
16,193.300,4.94
16,193.333,5.05
16,193.367,5.15
16,193.400,5.38
16,193.433,5.52
16,193.467,5.62
16,193.500,5.78
16,193.533,5.94
16,193.567,6.1
16,193.600,6.25
16,193.633,6.37
16,193.667,6.57
16,193.700,6.69
16,193.733,6.89
16,193.767,6.97
16,193.800,7.13
16,193.833,7.31
16,193.867,7.33
16,193.900,7.38
16,193.933,7.43
16,193.967,7.65
16,194.000,7.75
16,194.033,7.85
16,194.067,7.92
16,194.100,8.01
16,194.133,8.05
16,194.167,8.15
16,194.200,8.27
16,194.233,8.29
16,194.267,8.36
16,194.300,8.46
16,194.333,8.48
16,194.367,8.57
16,194.400,8.63
16,194.433,8.67
16,194.467,8.73
16,194.500,8.78
16,194.533,8.83
16,194.567,8.86
16,194.600,8.91
16,194.633,8.95
16,194.667,8.98
16,194.700,9.03
16,194.733,9.05
16,194.767,9.08
16,194.800,9.09
16,194.833,9.16
16,194.867,9.17
16,194.900,9.2
16,194.933,9.23
16,194.967,9.25
16,195.000,9.27
16,195.033,9.31
16,195.067,9.32
16,195.100,9.34
16,195.133,9.36
16,195.167,9.38
16,195.200,9.41
16,195.233,9.43
16,195.267,9.45
16,195.300,9.47
16,195.333,9.48
16,195.367,9.49
16,195.400,9.51
16,195.433,9.52
16,195.500,9.55
16,195.533,9.56
16,195.567,9.58
16,195.633,9.6
16,195.667,9.61
16,195.700,9.63
16,195.733,9.64
16,195.767,9.66
16,195.800,9.68
16,195.867,9.69
16,195.900,9.71
16,195.967,9.71
16,196.000,9.72
16,196.033,9.74
16,196.100,9.75
16,196.133,9.76
16,196.167,9.79
16,196.233,9.8
16,196.300,9.81
16,196.367,9.82
16,196.400,9.83
16,196.433,9.84
16,196.500,9.84
16,196.567,9.85
16,196.600,9.86
16,196.633,9.87
16,196.700,9.87
16,196.767,9.87
16,196.833,9.88
16,196.900,9.89
16,196.967,9.89
16,197.000,9.91
16,197.067,9.91
16,197.100,9.92
16,197.167,9.92
16,197.233,9.92
16,197.300,9.92
16,197.367,9.92
16,197.433,9.92
16,197.500,9.92
16,197.567,9.92
16,197.633,9.92
16,197.700,9.92
16,197.767,9.92
16,197.833,9.92
16,197.900,9.92
16,197.967,9.92
16,198.033,9.92
16,198.100,9.92
16,198.167,9.92
16,198.233,9.92
16,198.300,9.92
16,198.367,9.92
16,198.433,9.92
16,198.500,9.92
16,198.567,9.92
16,198.633,9.92
16,198.700,9.92
16,198.767,9.92
16,198.833,9.92
16,198.900,9.92
16,198.967,9.92
16,199.033,9.92
16,199.100,9.92
16,199.167,9.92
16,199.233,9.92
16,199.300,9.92
16,199.367,9.92
16,199.433,9.92
16,199.500,9.92
16,199.567,9.92
16,199.633,9.92
16,199.700,9.92
16,199.767,9.92
16,199.833,9.92
16,199.900,9.92
16,199.967,9.92
16,200.033,9.92
16,200.100,9.92
16,200.167,9.92
16,200.233,9.92
16,200.300,9.92
16,200.367,9.92
17,205.833,5.12
17,205.867,5.2
17,205.900,5.33
17,205.933,5.5
17,205.967,5.61
17,206.000,5.8
17,206.033,5.97
17,206.067,6.07
17,206.100,6.24
17,206.133,6.45
17,206.167,6.54
17,206.200,6.72
17,206.233,6.83
17,206.267,6.94
17,206.300,7.06
17,206.333,7.27
17,206.367,7.33
17,206.400,7.34
17,206.433,7.38
17,206.467,7.56
17,206.500,7.66
17,206.533,7.82
17,206.567,7.84
17,206.600,7.88
17,206.633,7.94
17,206.667,8.1
17,206.700,8.25
17,206.733,8.28
17,206.767,8.42
17,206.800,8.48
17,206.833,8.54
17,206.867,8.58
17,206.900,8.65
17,206.933,8.69
17,206.967,8.74
17,207.000,8.77
17,207.033,8.83
17,207.067,8.87
17,207.100,8.92
17,207.133,8.96
17,207.167,8.99
17,207.200,9.02
17,207.233,9.06
17,207.267,9.09
17,207.300,9.12
17,207.333,9.15
17,207.367,9.17
17,207.400,9.2
17,207.433,9.23
17,207.467,9.26
17,207.500,9.29
17,207.533,9.31
17,207.567,9.33
17,207.600,9.35
17,207.633,9.38
17,207.667,9.39
17,207.700,9.41
17,207.733,9.43
17,207.767,9.45
17,207.800,9.46
17,207.833,9.5
17,207.867,9.51
17,207.933,9.54
17,207.967,9.55
17,208.000,9.56
17,208.033,9.57
17,208.067,9.59
17,208.100,9.61
17,208.133,9.62
17,208.167,9.63
17,208.233,9.65
17,208.267,9.66
17,208.300,9.68
17,208.367,9.71
17,208.433,9.72
17,208.467,9.74
17,208.533,9.75
17,208.567,9.76
17,208.633,9.78
17,208.700,9.78
17,208.733,9.79
17,208.767,9.8
17,208.833,9.82
17,208.900,9.83
17,208.933,9.84
17,208.967,9.85
17,209.033,9.85
17,209.067,9.86
17,209.133,9.86
17,209.200,9.87
17,209.267,9.87
17,209.300,9.89
17,209.367,9.9
17,209.433,9.91
17,209.500,9.91
17,209.567,9.91
17,209.633,9.91
17,209.700,9.91
17,209.767,9.91
17,209.833,9.91
17,209.900,9.91
17,209.967,9.91
17,210.033,9.91
17,210.100,9.91
17,210.167,9.91
17,210.233,9.91
17,210.300,9.91
17,210.367,9.91
17,210.433,9.91
17,210.500,9.91
17,210.567,9.91
17,210.633,9.91
17,210.700,9.91
17,210.767,9.91
17,210.833,9.91
17,210.900,9.91
17,210.967,9.91
17,211.033,9.91
17,211.100,9.91
17,211.167,9.91
17,211.233,9.91
17,211.300,9.91
17,211.367,9.91
17,211.433,9.91
17,211.500,9.91
17,211.567,9.91
17,211.633,9.91
17,211.700,9.91
17,211.767,9.91
17,211.833,9.91
17,211.900,9.91
17,211.967,9.91
17,212.033,9.91
17,212.100,9.91
17,212.167,9.91
17,212.233,9.91
17,212.300,9.91
17,212.367,9.91
17,212.433,9.91
17,212.500,9.91
17,212.567,9.91
17,212.633,9.91
17,212.700,9.91
17,212.767,9.91
18,218.300,5.0
18,218.333,5.11
18,218.367,5.22
18,218.400,5.33
18,218.433,5.5
18,218.467,5.66
18,218.500,5.85
18,218.533,6.0
18,218.567,6.15
18,218.600,6.29
18,218.633,6.42
18,218.667,6.59
18,218.700,6.77
18,218.733,6.92
18,218.767,7.06
18,218.800,7.18
18,218.833,7.31
18,218.867,7.38
18,218.900,7.5
18,218.933,7.59
18,218.967,7.69
18,219.000,7.76
18,219.033,7.9
18,219.067,7.99
18,219.100,8.07
18,219.133,8.1
18,219.167,8.23
18,219.200,8.3
18,219.233,8.37
18,219.267,8.45
18,219.300,8.48
18,219.333,8.54
18,219.367,8.59
18,219.400,8.65
18,219.433,8.7
18,219.467,8.72
18,219.500,8.78
18,219.533,8.8
18,219.567,8.87
18,219.600,8.9
18,219.633,8.94
18,219.667,8.98
18,219.700,9.02
18,219.733,9.05
18,219.767,9.08
18,219.800,9.12
18,219.833,9.16
18,219.867,9.18
18,219.900,9.2
18,219.933,9.22
18,219.967,9.24
18,220.000,9.27
18,220.033,9.29
18,220.067,9.31
18,220.100,9.34
18,220.133,9.36
18,220.167,9.38
18,220.200,9.4
18,220.233,9.43
18,220.267,9.44
18,220.300,9.46
18,220.333,9.49
18,220.400,9.51
18,220.433,9.52
18,220.467,9.54
18,220.533,9.56
18,220.567,9.57
18,220.633,9.58
18,220.667,9.62
18,220.733,9.63
18,220.767,9.65
18,220.800,9.66
18,220.867,9.67
18,220.900,9.68
18,220.967,9.68
18,221.000,9.71
18,221.067,9.74
18,221.133,9.74
18,221.167,9.77
18,221.233,9.78
18,221.300,9.81
18,221.367,9.81
18,221.433,9.82
18,221.500,9.82
18,221.533,9.83
18,221.567,9.84
18,221.633,9.84
18,221.700,9.84
18,221.767,9.85
18,221.800,9.86
18,221.867,9.88
18,221.933,9.88
18,222.000,9.89
18,222.067,9.9
18,222.100,9.91
18,222.167,9.91
18,222.233,9.91
18,222.300,9.91
18,222.367,9.91
18,222.433,9.91
18,222.500,9.91
18,222.567,9.91
18,222.633,9.91
18,222.700,9.91
18,222.767,9.91
18,222.833,9.91
18,222.900,9.91
18,222.967,9.91
18,223.033,9.91
18,223.100,9.91
18,223.167,9.91
18,223.233,9.91
18,223.300,9.91
18,223.367,9.91
18,223.433,9.91
18,223.500,9.91
18,223.567,9.91
18,223.633,9.91
18,223.700,9.91
18,223.767,9.91
18,223.833,9.91
18,223.900,9.91
18,223.967,9.91
18,224.033,9.91
18,224.100,9.91
18,224.167,9.91
18,224.233,9.91
18,224.300,9.91
18,224.367,9.91
18,224.433,9.91
18,224.500,9.91
18,224.567,9.91
18,224.633,9.91
18,224.700,9.91
18,224.767,9.91
18,224.833,9.91
18,224.900,9.91
18,224.967,9.91
18,225.033,9.91
18,225.100,9.91
18,225.167,9.91
18,225.233,9.91
18,225.300,9.91
18,225.367,9.91
19,230.833,5.06
19,230.867,5.18
19,230.900,5.32
19,230.933,5.49
19,230.967,5.62
19,231.000,5.77
19,231.033,5.96
19,231.067,6.08
19,231.100,6.25
19,231.133,6.38
19,231.167,6.54
19,231.200,6.66
19,231.233,6.8
19,231.267,6.98
19,231.300,7.09
19,231.333,7.26
19,231.367,7.31
19,231.400,7.37
19,231.433,7.47
19,231.467,7.58
19,231.500,7.71
19,231.533,7.82
19,231.567,7.86
19,231.600,7.98
19,231.633,8.05
19,231.667,8.17
19,231.700,8.26
19,231.733,8.33
19,231.767,8.4
19,231.800,8.46
19,231.833,8.5
19,231.867,8.57
19,231.900,8.63
19,231.933,8.68
19,231.967,8.73
19,232.000,8.75
19,232.033,8.82
19,232.067,8.87
19,232.100,8.9
19,232.133,8.94
19,232.167,8.98
19,232.200,9.01
19,232.233,9.04
19,232.267,9.07
19,232.300,9.1
19,232.333,9.13
19,232.367,9.16
19,232.400,9.19
19,232.433,9.21
19,232.467,9.24
19,232.500,9.26
19,232.533,9.29
19,232.567,9.32
19,232.600,9.34
19,232.633,9.37
19,232.667,9.38
19,232.700,9.41
19,232.733,9.43
19,232.767,9.44
19,232.833,9.46
19,232.867,9.48
19,232.900,9.49
19,232.933,9.51
19,232.967,9.54
19,233.033,9.56
19,233.067,9.57
19,233.100,9.58
19,233.133,9.6
19,233.167,9.64
19,233.233,9.65
19,233.300,9.66
19,233.367,9.7
